Region,Year,Unemployment_Rate,City_Map
"Abitibi-Témiscamingue, Quebec",2015,6.966666666666666,Abitibi-Témiscamingue
"Abitibi-Témiscamingue, Quebec",2016,6.766666666666667,Abitibi-Témiscamingue
"Abitibi-Témiscamingue, Quebec",2017,5.333333333333333,Abitibi-Témiscamingue
"Abitibi-Témiscamingue, Quebec",2018,3.8083333333333336,Abitibi-Témiscamingue
"Abitibi-Témiscamingue, Quebec",2019,4.091666666666667,Abitibi-Témiscamingue
"Abitibi-Témiscamingue, Quebec",2020,6.716666666666666,Abitibi-Témiscamingue
"Abitibi-Témiscamingue, Quebec",2021,5.1000000000000005,Abitibi-Témiscamingue
"Abitibi-Témiscamingue, Quebec",2022,3.3000000000000003,Abitibi-Témiscamingue
"Abitibi-Témiscamingue, Quebec",2023,3.1999999999999997,Abitibi-Témiscamingue
"Abitibi-Témiscamingue, Quebec",2024,2.908333333333333,Abitibi-Témiscamingue
"Abitibi-Témiscamingue, Quebec",2025,3.9333333333333336,Abitibi-Témiscamingue
Alberta,2015,5.916666666666667,Alberta
Alberta,2016,8.091666666666667,Alberta
Alberta,2017,8.158333333333333,Alberta
Alberta,2018,6.6000000000000005,Alberta
Alberta,2019,6.8,Alberta
Alberta,2020,11.108333333333334,Alberta
Alberta,2021,8.908333333333333,Alberta
Alberta,2022,5.941666666666666,Alberta
Alberta,2023,5.8500000000000005,Alberta
Alberta,2024,6.925,Alberta
Alberta,2025,7.233333333333333,Alberta
"Annapolis Valley, Nova Scotia",2015,8.866666666666667,Annapolis Valley
"Annapolis Valley, Nova Scotia",2016,8.208333333333334,Annapolis Valley
"Annapolis Valley, Nova Scotia",2017,8.516666666666667,Annapolis Valley
"Annapolis Valley, Nova Scotia",2018,7.4750000000000005,Annapolis Valley
"Annapolis Valley, Nova Scotia",2019,6.608333333333333,Annapolis Valley
"Annapolis Valley, Nova Scotia",2020,8.783333333333333,Annapolis Valley
"Annapolis Valley, Nova Scotia",2021,7.916666666666667,Annapolis Valley
"Annapolis Valley, Nova Scotia",2022,5.3500000000000005,Annapolis Valley
"Annapolis Valley, Nova Scotia",2023,5.066666666666666,Annapolis Valley
"Annapolis Valley, Nova Scotia",2024,5.808333333333334,Annapolis Valley
"Annapolis Valley, Nova Scotia",2025,5.2749999999999995,Annapolis Valley
"Avalon Peninsula, Newfoundland and Labrador",2015,8.916666666666666,Avalon Peninsula
"Avalon Peninsula, Newfoundland and Labrador",2016,10.450000000000001,Avalon Peninsula
"Avalon Peninsula, Newfoundland and Labrador",2017,11.158333333333333,Avalon Peninsula
"Avalon Peninsula, Newfoundland and Labrador",2018,11.466666666666667,Avalon Peninsula
"Avalon Peninsula, Newfoundland and Labrador",2019,9.575000000000001,Avalon Peninsula
"Avalon Peninsula, Newfoundland and Labrador",2020,12.241666666666667,Avalon Peninsula
"Avalon Peninsula, Newfoundland and Labrador",2021,10.541666666666666,Avalon Peninsula
"Avalon Peninsula, Newfoundland and Labrador",2022,8.65,Avalon Peninsula
"Avalon Peninsula, Newfoundland and Labrador",2023,7.366666666666667,Avalon Peninsula
"Avalon Peninsula, Newfoundland and Labrador",2024,7.891666666666667,Avalon Peninsula
"Avalon Peninsula, Newfoundland and Labrador",2025,8.466666666666667,Avalon Peninsula
"Banff-Jasper-Rocky Mountain House and Athabasca-Grande Prairie-Peace River, Alberta",2015,5.616666666666667,Banff-Jasper-Rocky Mountain House and Athabasca-Grande Prairie-Peace River
"Banff-Jasper-Rocky Mountain House and Athabasca-Grande Prairie-Peace River, Alberta",2016,7.1499999999999995,Banff-Jasper-Rocky Mountain House and Athabasca-Grande Prairie-Peace River
"Banff-Jasper-Rocky Mountain House and Athabasca-Grande Prairie-Peace River, Alberta",2017,6.316666666666666,Banff-Jasper-Rocky Mountain House and Athabasca-Grande Prairie-Peace River
"Banff-Jasper-Rocky Mountain House and Athabasca-Grande Prairie-Peace River, Alberta",2018,5.558333333333334,Banff-Jasper-Rocky Mountain House and Athabasca-Grande Prairie-Peace River
"Banff-Jasper-Rocky Mountain House and Athabasca-Grande Prairie-Peace River, Alberta",2019,5.408333333333334,Banff-Jasper-Rocky Mountain House and Athabasca-Grande Prairie-Peace River
"Banff-Jasper-Rocky Mountain House and Athabasca-Grande Prairie-Peace River, Alberta",2020,10.741666666666667,Banff-Jasper-Rocky Mountain House and Athabasca-Grande Prairie-Peace River
"Banff-Jasper-Rocky Mountain House and Athabasca-Grande Prairie-Peace River, Alberta",2021,8.091666666666667,Banff-Jasper-Rocky Mountain House and Athabasca-Grande Prairie-Peace River
"Banff-Jasper-Rocky Mountain House and Athabasca-Grande Prairie-Peace River, Alberta",2022,5.375,Banff-Jasper-Rocky Mountain House and Athabasca-Grande Prairie-Peace River
"Banff-Jasper-Rocky Mountain House and Athabasca-Grande Prairie-Peace River, Alberta",2023,5.325,Banff-Jasper-Rocky Mountain House and Athabasca-Grande Prairie-Peace River
"Banff-Jasper-Rocky Mountain House and Athabasca-Grande Prairie-Peace River, Alberta",2024,4.833333333333333,Banff-Jasper-Rocky Mountain House and Athabasca-Grande Prairie-Peace River
"Banff-Jasper-Rocky Mountain House and Athabasca-Grande Prairie-Peace River, Alberta",2025,6.075,Banff-Jasper-Rocky Mountain House and Athabasca-Grande Prairie-Peace River
"Bas-Saint-Laurent, Quebec",2015,7.991666666666667,Bas-Saint-Laurent
"Bas-Saint-Laurent, Quebec",2016,7.991666666666667,Bas-Saint-Laurent
"Bas-Saint-Laurent, Quebec",2017,6.766666666666667,Bas-Saint-Laurent
"Bas-Saint-Laurent, Quebec",2018,5.458333333333333,Bas-Saint-Laurent
"Bas-Saint-Laurent, Quebec",2019,5.508333333333333,Bas-Saint-Laurent
"Bas-Saint-Laurent, Quebec",2020,7.7250000000000005,Bas-Saint-Laurent
"Bas-Saint-Laurent, Quebec",2021,5.383333333333333,Bas-Saint-Laurent
"Bas-Saint-Laurent, Quebec",2022,4.95,Bas-Saint-Laurent
"Bas-Saint-Laurent, Quebec",2023,4.541666666666667,Bas-Saint-Laurent
"Bas-Saint-Laurent, Quebec",2024,4.408333333333333,Bas-Saint-Laurent
"Bas-Saint-Laurent, Quebec",2025,5.1000000000000005,Bas-Saint-Laurent
British Columbia,2015,6.083333333333333,British Columbia
British Columbia,2016,6.108333333333333,British Columbia
British Columbia,2017,5.391666666666667,British Columbia
British Columbia,2018,4.683333333333334,British Columbia
British Columbia,2019,4.791666666666667,British Columbia
British Columbia,2020,8.933333333333334,British Columbia
British Columbia,2021,6.75,British Columbia
British Columbia,2022,4.75,British Columbia
British Columbia,2023,5.1000000000000005,British Columbia
British Columbia,2024,5.533333333333334,British Columbia
British Columbia,2025,6.158333333333334,British Columbia
"Calgary, Alberta",2015,6.166666666666667,Calgary
"Calgary, Alberta",2016,9.041666666666666,Calgary
"Calgary, Alberta",2017,8.866666666666667,Calgary
"Calgary, Alberta",2018,7.583333333333333,Calgary
"Calgary, Alberta",2019,7.1000000000000005,Calgary
"Calgary, Alberta",2020,11.358333333333334,Calgary
"Calgary, Alberta",2021,9.241666666666667,Calgary
"Calgary, Alberta",2022,6.25,Calgary
"Calgary, Alberta",2023,6.05,Calgary
"Calgary, Alberta",2024,7.266666666666667,Calgary
"Calgary, Alberta",2025,7.458333333333333,Calgary
"Campbellton-Miramichi, New Brunswick",2015,15.891666666666666,Campbellton-Miramichi
"Campbellton-Miramichi, New Brunswick",2016,16.066666666666666,Campbellton-Miramichi
"Campbellton-Miramichi, New Brunswick",2017,14.258333333333333,Campbellton-Miramichi
"Campbellton-Miramichi, New Brunswick",2018,12.783333333333333,Campbellton-Miramichi
"Campbellton-Miramichi, New Brunswick",2019,13.65,Campbellton-Miramichi
"Campbellton-Miramichi, New Brunswick",2020,14.691666666666668,Campbellton-Miramichi
"Campbellton-Miramichi, New Brunswick",2021,13.566666666666668,Campbellton-Miramichi
"Campbellton-Miramichi, New Brunswick",2022,11.674999999999999,Campbellton-Miramichi
"Campbellton-Miramichi, New Brunswick",2023,10.891666666666666,Campbellton-Miramichi
"Campbellton-Miramichi, New Brunswick",2024,12.133333333333333,Campbellton-Miramichi
"Campbellton-Miramichi, New Brunswick",2025,10.5,Campbellton-Miramichi
"Camrose-Drumheller, Alberta",2015,4.441666666666666,Camrose-Drumheller
"Camrose-Drumheller, Alberta",2016,7.3500000000000005,Camrose-Drumheller
"Camrose-Drumheller, Alberta",2017,7.991666666666667,Camrose-Drumheller
"Camrose-Drumheller, Alberta",2018,4.716666666666667,Camrose-Drumheller
"Camrose-Drumheller, Alberta",2019,6.308333333333334,Camrose-Drumheller
"Camrose-Drumheller, Alberta",2020,10.616666666666665,Camrose-Drumheller
"Camrose-Drumheller, Alberta",2021,8.333333333333334,Camrose-Drumheller
"Camrose-Drumheller, Alberta",2022,5.308333333333334,Camrose-Drumheller
"Camrose-Drumheller, Alberta",2023,4.166666666666667,Camrose-Drumheller
"Camrose-Drumheller, Alberta",2024,4.575,Camrose-Drumheller
"Camrose-Drumheller, Alberta",2025,5.466666666666666,Camrose-Drumheller
Canada,2015,6.958333333333333,Canada
Canada,2016,7.091666666666666,Canada
Canada,2017,6.5249999999999995,Canada
Canada,2018,5.875,Canada
Canada,2019,5.691666666666666,Canada
Canada,2020,9.441666666666666,Canada
Canada,2021,7.741666666666667,Canada
Canada,2022,5.3500000000000005,Canada
Canada,2023,5.325,Canada
Canada,2024,6.258333333333333,Canada
Canada,2025,6.808333333333334,Canada
"Cape Breton, Nova Scotia",2015,15.924999999999999,Cape Breton
"Cape Breton, Nova Scotia",2016,15.174999999999999,Cape Breton
"Cape Breton, Nova Scotia",2017,14.525,Cape Breton
"Cape Breton, Nova Scotia",2018,15.625,Cape Breton
"Cape Breton, Nova Scotia",2019,14.641666666666666,Cape Breton
"Cape Breton, Nova Scotia",2020,15.208333333333334,Cape Breton
"Cape Breton, Nova Scotia",2021,13.475,Cape Breton
"Cape Breton, Nova Scotia",2022,11.791666666666666,Cape Breton
"Cape Breton, Nova Scotia",2023,11.133333333333333,Cape Breton
"Cape Breton, Nova Scotia",2024,10.1,Cape Breton
"Cape Breton, Nova Scotia",2025,10.1,Cape Breton
"Capitale-Nationale, Quebec",2015,4.808333333333334,Capitale-Nationale
"Capitale-Nationale, Quebec",2016,4.658333333333333,Capitale-Nationale
"Capitale-Nationale, Quebec",2017,4.708333333333333,Capitale-Nationale
"Capitale-Nationale, Quebec",2018,4.008333333333334,Capitale-Nationale
"Capitale-Nationale, Quebec",2019,3.408333333333333,Capitale-Nationale
"Capitale-Nationale, Quebec",2020,7.066666666666666,Capitale-Nationale
"Capitale-Nationale, Quebec",2021,5.0,Capitale-Nationale
"Capitale-Nationale, Quebec",2022,3.6916666666666664,Capitale-Nationale
"Capitale-Nationale, Quebec",2023,2.9,Capitale-Nationale
"Capitale-Nationale, Quebec",2024,4.125,Capitale-Nationale
"Capitale-Nationale, Quebec",2025,4.5,Capitale-Nationale
"Cariboo, British Columbia",2015,6.758333333333333,Cariboo
"Cariboo, British Columbia",2016,7.491666666666667,Cariboo
"Cariboo, British Columbia",2017,7.666666666666667,Cariboo
"Cariboo, British Columbia",2018,5.9750000000000005,Cariboo
"Cariboo, British Columbia",2019,6.533333333333334,Cariboo
"Cariboo, British Columbia",2020,10.091666666666667,Cariboo
"Cariboo, British Columbia",2021,6.858333333333333,Cariboo
"Cariboo, British Columbia",2022,4.833333333333333,Cariboo
"Cariboo, British Columbia",2023,6.958333333333333,Cariboo
"Cariboo, British Columbia",2024,5.441666666666666,Cariboo
"Cariboo, British Columbia",2025,7.391666666666667,Cariboo
"Centre-du-Québec, Quebec",2015,7.325,Centre-du-Québec
"Centre-du-Québec, Quebec",2016,5.783333333333334,Centre-du-Québec
"Centre-du-Québec, Quebec",2017,5.716666666666666,Centre-du-Québec
"Centre-du-Québec, Quebec",2018,4.941666666666667,Centre-du-Québec
"Centre-du-Québec, Quebec",2019,4.3999999999999995,Centre-du-Québec
"Centre-du-Québec, Quebec",2020,6.083333333333333,Centre-du-Québec
"Centre-du-Québec, Quebec",2021,5.466666666666666,Centre-du-Québec
"Centre-du-Québec, Quebec",2022,2.558333333333333,Centre-du-Québec
"Centre-du-Québec, Quebec",2023,2.408333333333333,Centre-du-Québec
"Centre-du-Québec, Quebec",2024,3.8000000000000003,Centre-du-Québec
"Centre-du-Québec, Quebec",2025,4.416666666666667,Centre-du-Québec
"Chaudière-Appalaches, Quebec",2015,5.291666666666667,Chaudière-Appalaches
"Chaudière-Appalaches, Quebec",2016,5.783333333333334,Chaudière-Appalaches
"Chaudière-Appalaches, Quebec",2017,3.8000000000000003,Chaudière-Appalaches
"Chaudière-Appalaches, Quebec",2018,3.158333333333333,Chaudière-Appalaches
"Chaudière-Appalaches, Quebec",2019,3.3249999999999997,Chaudière-Appalaches
"Chaudière-Appalaches, Quebec",2020,5.875,Chaudière-Appalaches
"Chaudière-Appalaches, Quebec",2021,3.6166666666666667,Chaudière-Appalaches
"Chaudière-Appalaches, Quebec",2022,2.1416666666666666,Chaudière-Appalaches
"Chaudière-Appalaches, Quebec",2023,2.3583333333333334,Chaudière-Appalaches
"Chaudière-Appalaches, Quebec",2024,2.733333333333333,Chaudière-Appalaches
"Chaudière-Appalaches, Quebec",2025,3.35,Chaudière-Appalaches
"Côte-Nord and Nord-du-Québec, Quebec",2015,10.325000000000001,Côte-Nord and Nord-du-Québec
"Côte-Nord and Nord-du-Québec, Quebec",2016,8.791666666666666,Côte-Nord and Nord-du-Québec
"Côte-Nord and Nord-du-Québec, Quebec",2017,6.1000000000000005,Côte-Nord and Nord-du-Québec
"Côte-Nord and Nord-du-Québec, Quebec",2018,5.208333333333333,Côte-Nord and Nord-du-Québec
"Côte-Nord and Nord-du-Québec, Quebec",2019,4.7749999999999995,Côte-Nord and Nord-du-Québec
"Côte-Nord and Nord-du-Québec, Quebec",2020,7.7749999999999995,Côte-Nord and Nord-du-Québec
"Côte-Nord and Nord-du-Québec, Quebec",2021,4.416666666666667,Côte-Nord and Nord-du-Québec
"Côte-Nord and Nord-du-Québec, Quebec",2022,4.6000000000000005,Côte-Nord and Nord-du-Québec
"Côte-Nord and Nord-du-Québec, Quebec",2023,3.185714285714286,Côte-Nord and Nord-du-Québec
"Côte-Nord and Nord-du-Québec, Quebec",2024,4.3500000000000005,Côte-Nord and Nord-du-Québec
"Côte-Nord and Nord-du-Québec, Quebec",2025,4.408333333333333,Côte-Nord and Nord-du-Québec
"Edmonton, Alberta",2015,5.816666666666666,Edmonton
"Edmonton, Alberta",2016,7.341666666666666,Edmonton
"Edmonton, Alberta",2017,8.383333333333333,Edmonton
"Edmonton, Alberta",2018,6.483333333333333,Edmonton
"Edmonton, Alberta",2019,7.075,Edmonton
"Edmonton, Alberta",2020,11.625,Edmonton
"Edmonton, Alberta",2021,9.15,Edmonton
"Edmonton, Alberta",2022,6.0,Edmonton
"Edmonton, Alberta",2023,6.0,Edmonton
"Edmonton, Alberta",2024,7.408333333333334,Edmonton
"Edmonton, Alberta",2025,7.666666666666667,Edmonton
"Edmundston-Woodstock, New Brunswick",2015,9.766666666666667,Edmundston-Woodstock
"Edmundston-Woodstock, New Brunswick",2016,7.166666666666667,Edmundston-Woodstock
"Edmundston-Woodstock, New Brunswick",2017,7.291666666666667,Edmundston-Woodstock
"Edmundston-Woodstock, New Brunswick",2018,6.591666666666666,Edmundston-Woodstock
"Edmundston-Woodstock, New Brunswick",2019,7.2250000000000005,Edmundston-Woodstock
"Edmundston-Woodstock, New Brunswick",2020,8.483333333333333,Edmundston-Woodstock
"Edmundston-Woodstock, New Brunswick",2021,6.75,Edmundston-Woodstock
"Edmundston-Woodstock, New Brunswick",2022,5.5249999999999995,Edmundston-Woodstock
"Edmundston-Woodstock, New Brunswick",2023,5.241666666666666,Edmundston-Woodstock
"Edmundston-Woodstock, New Brunswick",2024,6.508333333333333,Edmundston-Woodstock
"Edmundston-Woodstock, New Brunswick",2025,5.358333333333333,Edmundston-Woodstock
"Estrie, Quebec",2015,6.458333333333333,Estrie
"Estrie, Quebec",2016,6.45,Estrie
"Estrie, Quebec",2017,5.091666666666667,Estrie
"Estrie, Quebec",2018,4.683333333333334,Estrie
"Estrie, Quebec",2019,4.141666666666667,Estrie
"Estrie, Quebec",2020,6.8500000000000005,Estrie
"Estrie, Quebec",2021,5.616666666666667,Estrie
"Estrie, Quebec",2022,3.408333333333333,Estrie
"Estrie, Quebec",2023,4.3500000000000005,Estrie
"Estrie, Quebec",2024,4.575,Estrie
"Estrie, Quebec",2025,4.816666666666666,Estrie
"Fredericton-Oromocto, New Brunswick",2015,8.525,Fredericton-Oromocto
"Fredericton-Oromocto, New Brunswick",2016,8.358333333333333,Fredericton-Oromocto
"Fredericton-Oromocto, New Brunswick",2017,6.6499999999999995,Fredericton-Oromocto
"Fredericton-Oromocto, New Brunswick",2018,7.5,Fredericton-Oromocto
"Fredericton-Oromocto, New Brunswick",2019,6.9750000000000005,Fredericton-Oromocto
"Fredericton-Oromocto, New Brunswick",2020,9.008333333333333,Fredericton-Oromocto
"Fredericton-Oromocto, New Brunswick",2021,7.683333333333334,Fredericton-Oromocto
"Fredericton-Oromocto, New Brunswick",2022,5.9750000000000005,Fredericton-Oromocto
"Fredericton-Oromocto, New Brunswick",2023,5.358333333333333,Fredericton-Oromocto
"Fredericton-Oromocto, New Brunswick",2024,5.9750000000000005,Fredericton-Oromocto
"Fredericton-Oromocto, New Brunswick",2025,6.425,Fredericton-Oromocto
"Gaspésie-Îles-de-la-Madeleine, Quebec",2015,15.566666666666668,Gaspésie-Îles-de-la-Madeleine
"Gaspésie-Îles-de-la-Madeleine, Quebec",2016,15.333333333333334,Gaspésie-Îles-de-la-Madeleine
"Gaspésie-Îles-de-la-Madeleine, Quebec",2017,12.508333333333333,Gaspésie-Îles-de-la-Madeleine
"Gaspésie-Îles-de-la-Madeleine, Quebec",2018,13.433333333333332,Gaspésie-Îles-de-la-Madeleine
"Gaspésie-Îles-de-la-Madeleine, Quebec",2019,13.041666666666666,Gaspésie-Îles-de-la-Madeleine
"Gaspésie-Îles-de-la-Madeleine, Quebec",2020,13.299999999999999,Gaspésie-Îles-de-la-Madeleine
"Gaspésie-Îles-de-la-Madeleine, Quebec",2021,12.558333333333332,Gaspésie-Îles-de-la-Madeleine
"Gaspésie-Îles-de-la-Madeleine, Quebec",2022,10.841666666666667,Gaspésie-Îles-de-la-Madeleine
"Gaspésie-Îles-de-la-Madeleine, Quebec",2023,7.7749999999999995,Gaspésie-Îles-de-la-Madeleine
"Gaspésie-Îles-de-la-Madeleine, Quebec",2024,8.575000000000001,Gaspésie-Îles-de-la-Madeleine
"Gaspésie-Îles-de-la-Madeleine, Quebec",2025,9.291666666666666,Gaspésie-Îles-de-la-Madeleine
"Halifax, Nova Scotia",2015,6.258333333333333,Halifax
"Halifax, Nova Scotia",2016,6.033333333333334,Halifax
"Halifax, Nova Scotia",2017,6.8500000000000005,Halifax
"Halifax, Nova Scotia",2018,6.291666666666667,Halifax
"Halifax, Nova Scotia",2019,5.633333333333333,Halifax
"Halifax, Nova Scotia",2020,8.85,Halifax
"Halifax, Nova Scotia",2021,7.6499999999999995,Halifax
"Halifax, Nova Scotia",2022,5.041666666666667,Halifax
"Halifax, Nova Scotia",2023,5.491666666666667,Halifax
"Halifax, Nova Scotia",2024,5.408333333333334,Halifax
"Halifax, Nova Scotia",2025,5.608333333333333,Halifax
"Hamilton-Niagara Peninsula, Ontario",2015,6.0,Hamilton-Niagara Peninsula
"Hamilton-Niagara Peninsula, Ontario",2016,6.466666666666666,Hamilton-Niagara Peninsula
"Hamilton-Niagara Peninsula, Ontario",2017,5.516666666666667,Hamilton-Niagara Peninsula
"Hamilton-Niagara Peninsula, Ontario",2018,5.641666666666667,Hamilton-Niagara Peninsula
"Hamilton-Niagara Peninsula, Ontario",2019,4.825,Hamilton-Niagara Peninsula
"Hamilton-Niagara Peninsula, Ontario",2020,9.058333333333334,Hamilton-Niagara Peninsula
"Hamilton-Niagara Peninsula, Ontario",2021,8.075000000000001,Hamilton-Niagara Peninsula
"Hamilton-Niagara Peninsula, Ontario",2022,5.083333333333333,Hamilton-Niagara Peninsula
"Hamilton-Niagara Peninsula, Ontario",2023,5.291666666666667,Hamilton-Niagara Peninsula
"Hamilton-Niagara Peninsula, Ontario",2024,6.558333333333334,Hamilton-Niagara Peninsula
"Hamilton-Niagara Peninsula, Ontario",2025,6.925,Hamilton-Niagara Peninsula
"Interlake, Manitoba",2015,4.916666666666667,Interlake
"Interlake, Manitoba",2016,6.558333333333334,Interlake
"Interlake, Manitoba",2017,4.258333333333334,Interlake
"Interlake, Manitoba",2018,5.866666666666667,Interlake
"Interlake, Manitoba",2019,5.308333333333334,Interlake
"Interlake, Manitoba",2020,7.075,Interlake
"Interlake, Manitoba",2021,5.9750000000000005,Interlake
"Interlake, Manitoba",2022,4.816666666666666,Interlake
"Interlake, Manitoba",2023,4.7,Interlake
"Interlake, Manitoba",2024,4.708333333333333,Interlake
"Interlake, Manitoba",2025,5.55,Interlake
"Kingston-Pembroke, Ontario",2015,7.283333333333334,Kingston-Pembroke
"Kingston-Pembroke, Ontario",2016,6.491666666666667,Kingston-Pembroke
"Kingston-Pembroke, Ontario",2017,5.875,Kingston-Pembroke
"Kingston-Pembroke, Ontario",2018,5.091666666666667,Kingston-Pembroke
"Kingston-Pembroke, Ontario",2019,5.741666666666667,Kingston-Pembroke
"Kingston-Pembroke, Ontario",2020,8.583333333333334,Kingston-Pembroke
"Kingston-Pembroke, Ontario",2021,7.708333333333333,Kingston-Pembroke
"Kingston-Pembroke, Ontario",2022,4.375,Kingston-Pembroke
"Kingston-Pembroke, Ontario",2023,5.058333333333334,Kingston-Pembroke
"Kingston-Pembroke, Ontario",2024,5.291666666666667,Kingston-Pembroke
"Kingston-Pembroke, Ontario",2025,6.508333333333333,Kingston-Pembroke
"Kitchener-Waterloo-Barrie, Ontario",2015,5.3999999999999995,Kitchener-Waterloo-Barrie
"Kitchener-Waterloo-Barrie, Ontario",2016,5.366666666666667,Kitchener-Waterloo-Barrie
"Kitchener-Waterloo-Barrie, Ontario",2017,5.016666666666667,Kitchener-Waterloo-Barrie
"Kitchener-Waterloo-Barrie, Ontario",2018,4.891666666666667,Kitchener-Waterloo-Barrie
"Kitchener-Waterloo-Barrie, Ontario",2019,5.108333333333333,Kitchener-Waterloo-Barrie
"Kitchener-Waterloo-Barrie, Ontario",2020,8.566666666666666,Kitchener-Waterloo-Barrie
"Kitchener-Waterloo-Barrie, Ontario",2021,7.333333333333333,Kitchener-Waterloo-Barrie
"Kitchener-Waterloo-Barrie, Ontario",2022,5.133333333333334,Kitchener-Waterloo-Barrie
"Kitchener-Waterloo-Barrie, Ontario",2023,5.258333333333334,Kitchener-Waterloo-Barrie
"Kitchener-Waterloo-Barrie, Ontario",2024,6.266666666666667,Kitchener-Waterloo-Barrie
"Kitchener-Waterloo-Barrie, Ontario",2025,6.983333333333333,Kitchener-Waterloo-Barrie
"Kootenay, British Columbia",2015,8.258333333333333,Kootenay
"Kootenay, British Columbia",2016,8.616666666666667,Kootenay
"Kootenay, British Columbia",2017,7.8,Kootenay
"Kootenay, British Columbia",2018,6.233333333333333,Kootenay
"Kootenay, British Columbia",2019,5.233333333333333,Kootenay
"Kootenay, British Columbia",2020,9.475,Kootenay
"Kootenay, British Columbia",2021,6.016666666666667,Kootenay
"Kootenay, British Columbia",2022,4.6000000000000005,Kootenay
"Kootenay, British Columbia",2023,5.0,Kootenay
"Kootenay, British Columbia",2024,5.866666666666667,Kootenay
"Kootenay, British Columbia",2025,5.858333333333333,Kootenay
"Lanaudière, Quebec",2015,8.133333333333333,Lanaudière
"Lanaudière, Quebec",2016,6.55,Lanaudière
"Lanaudière, Quebec",2017,6.1000000000000005,Lanaudière
"Lanaudière, Quebec",2018,5.541666666666667,Lanaudière
"Lanaudière, Quebec",2019,4.058333333333334,Lanaudière
"Lanaudière, Quebec",2020,7.491666666666667,Lanaudière
"Lanaudière, Quebec",2021,5.183333333333334,Lanaudière
"Lanaudière, Quebec",2022,4.808333333333334,Lanaudière
"Lanaudière, Quebec",2023,4.875,Lanaudière
"Lanaudière, Quebec",2024,5.541666666666667,Lanaudière
"Lanaudière, Quebec",2025,4.758333333333334,Lanaudière
"Laurentides, Quebec",2015,6.883333333333333,Laurentides
"Laurentides, Quebec",2016,6.158333333333334,Laurentides
"Laurentides, Quebec",2017,5.841666666666666,Laurentides
"Laurentides, Quebec",2018,5.7,Laurentides
"Laurentides, Quebec",2019,4.458333333333333,Laurentides
"Laurentides, Quebec",2020,10.383333333333335,Laurentides
"Laurentides, Quebec",2021,5.75,Laurentides
"Laurentides, Quebec",2022,3.8000000000000003,Laurentides
"Laurentides, Quebec",2023,3.591666666666667,Laurentides
"Laurentides, Quebec",2024,3.9583333333333335,Laurentides
"Laurentides, Quebec",2025,4.083333333333333,Laurentides
"Laval, Quebec",2015,7.708333333333333,Laval
"Laval, Quebec",2016,7.45,Laval
"Laval, Quebec",2017,6.7250000000000005,Laval
"Laval, Quebec",2018,5.3,Laval
"Laval, Quebec",2019,4.691666666666666,Laval
"Laval, Quebec",2020,8.125,Laval
"Laval, Quebec",2021,7.2,Laval
"Laval, Quebec",2022,4.408333333333333,Laval
"Laval, Quebec",2023,5.558333333333334,Laval
"Laval, Quebec",2024,5.883333333333333,Laval
"Laval, Quebec",2025,6.541666666666667,Laval
"Lethbridge-Medicine Hat, Alberta",2015,4.758333333333334,Lethbridge-Medicine Hat
"Lethbridge-Medicine Hat, Alberta",2016,6.791666666666667,Lethbridge-Medicine Hat
"Lethbridge-Medicine Hat, Alberta",2017,5.55,Lethbridge-Medicine Hat
"Lethbridge-Medicine Hat, Alberta",2018,4.991666666666666,Lethbridge-Medicine Hat
"Lethbridge-Medicine Hat, Alberta",2019,6.008333333333333,Lethbridge-Medicine Hat
"Lethbridge-Medicine Hat, Alberta",2020,8.208333333333334,Lethbridge-Medicine Hat
"Lethbridge-Medicine Hat, Alberta",2021,7.358333333333333,Lethbridge-Medicine Hat
"Lethbridge-Medicine Hat, Alberta",2022,4.741666666666666,Lethbridge-Medicine Hat
"Lethbridge-Medicine Hat, Alberta",2023,5.2250000000000005,Lethbridge-Medicine Hat
"Lethbridge-Medicine Hat, Alberta",2024,6.333333333333333,Lethbridge-Medicine Hat
"Lethbridge-Medicine Hat, Alberta",2025,6.808333333333334,Lethbridge-Medicine Hat
"London, Ontario",2015,6.125,London
"London, Ontario",2016,6.158333333333334,London
"London, Ontario",2017,5.7250000000000005,London
"London, Ontario",2018,5.8500000000000005,London
"London, Ontario",2019,5.391666666666667,London
"London, Ontario",2020,8.066666666666666,London
"London, Ontario",2021,8.025,London
"London, Ontario",2022,5.483333333333333,London
"London, Ontario",2023,5.2749999999999995,London
"London, Ontario",2024,6.166666666666667,London
"London, Ontario",2025,6.25,London
"Lower Mainland-Southwest, British Columbia",2015,5.875,Lower Mainland-Southwest
"Lower Mainland-Southwest, British Columbia",2016,5.591666666666666,Lower Mainland-Southwest
"Lower Mainland-Southwest, British Columbia",2017,4.758333333333334,Lower Mainland-Southwest
"Lower Mainland-Southwest, British Columbia",2018,4.091666666666667,Lower Mainland-Southwest
"Lower Mainland-Southwest, British Columbia",2019,4.683333333333334,Lower Mainland-Southwest
"Lower Mainland-Southwest, British Columbia",2020,9.033333333333333,Lower Mainland-Southwest
"Lower Mainland-Southwest, British Columbia",2021,6.983333333333333,Lower Mainland-Southwest
"Lower Mainland-Southwest, British Columbia",2022,4.758333333333334,Lower Mainland-Southwest
"Lower Mainland-Southwest, British Columbia",2023,5.383333333333333,Lower Mainland-Southwest
"Lower Mainland-Southwest, British Columbia",2024,5.841666666666666,Lower Mainland-Southwest
"Lower Mainland-Southwest, British Columbia",2025,6.341666666666666,Lower Mainland-Southwest
Manitoba,2015,5.666666666666667,Manitoba
Manitoba,2016,6.058333333333334,Manitoba
Manitoba,2017,5.375,Manitoba
Manitoba,2018,5.908333333333334,Manitoba
Manitoba,2019,5.408333333333334,Manitoba
Manitoba,2020,7.916666666666667,Manitoba
Manitoba,2021,6.7,Manitoba
Manitoba,2022,4.591666666666667,Manitoba
Manitoba,2023,4.858333333333333,Manitoba
Manitoba,2024,5.333333333333333,Manitoba
Manitoba,2025,5.8999999999999995,Manitoba
"Mauricie, Quebec",2015,7.4750000000000005,Mauricie
"Mauricie, Quebec",2016,7.3999999999999995,Mauricie
"Mauricie, Quebec",2017,6.2250000000000005,Mauricie
"Mauricie, Quebec",2018,5.316666666666666,Mauricie
"Mauricie, Quebec",2019,5.4750000000000005,Mauricie
"Mauricie, Quebec",2020,8.808333333333334,Mauricie
"Mauricie, Quebec",2021,6.033333333333334,Mauricie
"Mauricie, Quebec",2022,4.516666666666667,Mauricie
"Mauricie, Quebec",2023,4.5249999999999995,Mauricie
"Mauricie, Quebec",2024,4.7749999999999995,Mauricie
"Mauricie, Quebec",2025,5.3999999999999995,Mauricie
"Moncton-Richibucto, New Brunswick",2015,8.766666666666667,Moncton-Richibucto
"Moncton-Richibucto, New Brunswick",2016,8.65,Moncton-Richibucto
"Moncton-Richibucto, New Brunswick",2017,7.666666666666667,Moncton-Richibucto
"Moncton-Richibucto, New Brunswick",2018,6.908333333333334,Moncton-Richibucto
"Moncton-Richibucto, New Brunswick",2019,7.25,Moncton-Richibucto
"Moncton-Richibucto, New Brunswick",2020,9.125,Moncton-Richibucto
"Moncton-Richibucto, New Brunswick",2021,8.816666666666666,Moncton-Richibucto
"Moncton-Richibucto, New Brunswick",2022,6.133333333333333,Moncton-Richibucto
"Moncton-Richibucto, New Brunswick",2023,6.108333333333333,Moncton-Richibucto
"Moncton-Richibucto, New Brunswick",2024,5.416666666666667,Moncton-Richibucto
"Moncton-Richibucto, New Brunswick",2025,6.583333333333333,Moncton-Richibucto
"Montréal, Quebec",2015,10.591666666666667,Montréal
"Montréal, Quebec",2016,9.875,Montréal
"Montréal, Quebec",2017,8.200000000000001,Montréal
"Montréal, Quebec",2018,7.341666666666666,Montréal
"Montréal, Quebec",2019,7.125,Montréal
"Montréal, Quebec",2020,11.266666666666666,Montréal
"Montréal, Quebec",2021,8.466666666666667,Montréal
"Montréal, Quebec",2022,5.8500000000000005,Montréal
"Montréal, Quebec",2023,6.0249999999999995,Montréal
"Montréal, Quebec",2024,7.8,Montréal
"Montréal, Quebec",2025,8.15,Montréal
"Montérégie, Quebec",2015,5.875,Montérégie
"Montérégie, Quebec",2016,6.241666666666667,Montérégie
"Montérégie, Quebec",2017,4.783333333333333,Montérégie
"Montérégie, Quebec",2018,4.383333333333334,Montérégie
"Montérégie, Quebec",2019,4.058333333333334,Montérégie
"Montérégie, Quebec",2020,8.158333333333333,Montérégie
"Montérégie, Quebec",2021,5.75,Montérégie
"Montérégie, Quebec",2022,3.8833333333333333,Montérégie
"Montérégie, Quebec",2023,3.9416666666666664,Montérégie
"Montérégie, Quebec",2024,4.408333333333333,Montérégie
"Montérégie, Quebec",2025,4.608333333333333,Montérégie
"Muskoka-Kawarthas, Ontario",2015,7.366666666666666,Muskoka-Kawarthas
"Muskoka-Kawarthas, Ontario",2016,6.266666666666667,Muskoka-Kawarthas
"Muskoka-Kawarthas, Ontario",2017,5.875,Muskoka-Kawarthas
"Muskoka-Kawarthas, Ontario",2018,6.358333333333333,Muskoka-Kawarthas
"Muskoka-Kawarthas, Ontario",2019,6.116666666666667,Muskoka-Kawarthas
"Muskoka-Kawarthas, Ontario",2020,9.233333333333333,Muskoka-Kawarthas
"Muskoka-Kawarthas, Ontario",2021,7.641666666666667,Muskoka-Kawarthas
"Muskoka-Kawarthas, Ontario",2022,4.158333333333333,Muskoka-Kawarthas
"Muskoka-Kawarthas, Ontario",2023,3.966666666666667,Muskoka-Kawarthas
"Muskoka-Kawarthas, Ontario",2024,3.6999999999999997,Muskoka-Kawarthas
"Muskoka-Kawarthas, Ontario",2025,6.858333333333333,Muskoka-Kawarthas
New Brunswick,2015,10.141666666666667,New Brunswick
New Brunswick,2016,9.758333333333333,New Brunswick
New Brunswick,2017,8.424999999999999,New Brunswick
New Brunswick,2018,8.1,New Brunswick
New Brunswick,2019,8.25,New Brunswick
New Brunswick,2020,10.225,New Brunswick
New Brunswick,2021,9.4,New Brunswick
New Brunswick,2022,7.2749999999999995,New Brunswick
New Brunswick,2023,6.641666666666667,New Brunswick
New Brunswick,2024,6.966666666666666,New Brunswick
New Brunswick,2025,7.2250000000000005,New Brunswick
Newfoundland and Labrador,2015,12.950000000000001,Newfoundland and Labrador
Newfoundland and Labrador,2016,13.616666666666667,Newfoundland and Labrador
Newfoundland and Labrador,2017,15.133333333333333,Newfoundland and Labrador
Newfoundland and Labrador,2018,14.283333333333333,Newfoundland and Labrador
Newfoundland and Labrador,2019,12.208333333333334,Newfoundland and Labrador
Newfoundland and Labrador,2020,14.283333333333333,Newfoundland and Labrador
Newfoundland and Labrador,2021,13.183333333333332,Newfoundland and Labrador
Newfoundland and Labrador,2022,11.508333333333333,Newfoundland and Labrador
Newfoundland and Labrador,2023,9.958333333333334,Newfoundland and Labrador
Newfoundland and Labrador,2024,9.966666666666667,Newfoundland and Labrador
Newfoundland and Labrador,2025,10.141666666666667,Newfoundland and Labrador
"North Coast and Nechako, British Columbia",2015,6.883333333333333,North Coast and Nechako
"North Coast and Nechako, British Columbia",2016,7.658333333333334,North Coast and Nechako
"North Coast and Nechako, British Columbia",2017,6.308333333333334,North Coast and Nechako
"North Coast and Nechako, British Columbia",2018,6.316666666666666,North Coast and Nechako
"North Coast and Nechako, British Columbia",2019,4.733333333333333,North Coast and Nechako
"North Coast and Nechako, British Columbia",2020,8.299999999999999,North Coast and Nechako
"North Coast and Nechako, British Columbia",2021,7.558333333333334,North Coast and Nechako
"North Coast and Nechako, British Columbia",2022,4.82,North Coast and Nechako
"North Coast and Nechako, British Columbia",2023,6.233333333333333,North Coast and Nechako
"North Coast and Nechako, British Columbia",2024,6.2,North Coast and Nechako
"North Coast and Nechako, British Columbia",2025,6.116666666666667,North Coast and Nechako
"North Shore, Nova Scotia",2015,9.733333333333333,North Shore
"North Shore, Nova Scotia",2016,9.200000000000001,North Shore
"North Shore, Nova Scotia",2017,9.166666666666666,North Shore
"North Shore, Nova Scotia",2018,9.0,North Shore
"North Shore, Nova Scotia",2019,7.4750000000000005,North Shore
"North Shore, Nova Scotia",2020,10.033333333333333,North Shore
"North Shore, Nova Scotia",2021,8.391666666666667,North Shore
"North Shore, Nova Scotia",2022,8.108333333333333,North Shore
"North Shore, Nova Scotia",2023,6.441666666666666,North Shore
"North Shore, Nova Scotia",2024,6.408333333333334,North Shore
"North Shore, Nova Scotia",2025,7.991666666666667,North Shore
"Northeast, British Columbia",2015,6.311111111111111,Northeast
"Northeast, British Columbia",2016,9.658333333333333,Northeast
"Northeast, British Columbia",2017,7.516666666666667,Northeast
"Northeast, British Columbia",2018,5.858333333333333,Northeast
"Northeast, British Columbia",2019,6.633333333333333,Northeast
"Northeast, British Columbia",2020,7.390909090909091,Northeast
"Northeast, British Columbia",2021,4.777777777777778,Northeast
"Northeast, British Columbia",2022,4.9799999999999995,Northeast
"Northeast, British Columbia",2023,5.18,Northeast
"Northeast, British Columbia",2024,5.8500000000000005,Northeast
"Northeast, British Columbia",2025,7.425,Northeast
"Northeast, Ontario",2015,7.5249999999999995,Northeast
"Northeast, Ontario",2016,7.691666666666666,Northeast
"Northeast, Ontario",2017,7.083333333333333,Northeast
"Northeast, Ontario",2018,6.375,Northeast
"Northeast, Ontario",2019,6.325,Northeast
"Northeast, Ontario",2020,7.891666666666667,Northeast
"Northeast, Ontario",2021,7.0,Northeast
"Northeast, Ontario",2022,4.516666666666667,Northeast
"Northeast, Ontario",2023,5.2749999999999995,Northeast
"Northeast, Ontario",2024,6.016666666666667,Northeast
"Northeast, Ontario",2025,5.858333333333333,Northeast
"Northwest, Ontario",2015,6.016666666666667,Northwest
"Northwest, Ontario",2016,6.933333333333334,Northwest
"Northwest, Ontario",2017,5.675,Northwest
"Northwest, Ontario",2018,5.45,Northwest
"Northwest, Ontario",2019,5.233333333333333,Northwest
"Northwest, Ontario",2020,7.75,Northwest
"Northwest, Ontario",2021,6.825,Northwest
"Northwest, Ontario",2022,5.033333333333333,Northwest
"Northwest, Ontario",2023,4.641666666666667,Northwest
"Northwest, Ontario",2024,4.45,Northwest
"Northwest, Ontario",2025,4.616666666666666,Northwest
Nova Scotia,2015,8.841666666666667,Nova Scotia
Nova Scotia,2016,8.5,Nova Scotia
Nova Scotia,2017,8.691666666666668,Nova Scotia
Nova Scotia,2018,8.033333333333333,Nova Scotia
Nova Scotia,2019,7.433333333333334,Nova Scotia
Nova Scotia,2020,10.0,Nova Scotia
Nova Scotia,2021,8.6,Nova Scotia
Nova Scotia,2022,6.7,Nova Scotia
Nova Scotia,2023,6.3500000000000005,Nova Scotia
Nova Scotia,2024,6.4750000000000005,Nova Scotia
Nova Scotia,2025,6.55,Nova Scotia
Ontario,2015,6.841666666666666,Ontario
Ontario,2016,6.608333333333333,Ontario
Ontario,2017,6.1000000000000005,Ontario
Ontario,2018,5.683333333333334,Ontario
Ontario,2019,5.55,Ontario
Ontario,2020,9.458333333333334,Ontario
Ontario,2021,8.383333333333333,Ontario
Ontario,2022,5.6499999999999995,Ontario
Ontario,2023,5.558333333333334,Ontario
Ontario,2024,6.825,Ontario
Ontario,2025,7.666666666666667,Ontario
"Ottawa, Ontario",2015,6.741666666666667,Ottawa
"Ottawa, Ontario",2016,6.566666666666666,Ottawa
"Ottawa, Ontario",2017,5.916666666666667,Ottawa
"Ottawa, Ontario",2018,4.708333333333333,Ottawa
"Ottawa, Ontario",2019,4.883333333333334,Ottawa
"Ottawa, Ontario",2020,7.199999999999999,Ottawa
"Ottawa, Ontario",2021,6.408333333333334,Ottawa
"Ottawa, Ontario",2022,4.408333333333333,Ottawa
"Ottawa, Ontario",2023,4.3999999999999995,Ottawa
"Ottawa, Ontario",2024,5.658333333333334,Ottawa
"Ottawa, Ontario",2025,6.191666666666666,Ottawa
"Outaouais, Quebec",2015,7.574999999999999,Outaouais
"Outaouais, Quebec",2016,7.675,Outaouais
"Outaouais, Quebec",2017,5.75,Outaouais
"Outaouais, Quebec",2018,5.075,Outaouais
"Outaouais, Quebec",2019,5.075,Outaouais
"Outaouais, Quebec",2020,8.025,Outaouais
"Outaouais, Quebec",2021,5.641666666666667,Outaouais
"Outaouais, Quebec",2022,3.716666666666667,Outaouais
"Outaouais, Quebec",2023,4.008333333333334,Outaouais
"Outaouais, Quebec",2024,5.5,Outaouais
"Outaouais, Quebec",2025,6.491666666666667,Outaouais
"Parklands and North, Manitoba",2015,5.875,Parklands and North
"Parklands and North, Manitoba",2016,4.708333333333333,Parklands and North
"Parklands and North, Manitoba",2017,4.925,Parklands and North
"Parklands and North, Manitoba",2018,6.066666666666666,Parklands and North
"Parklands and North, Manitoba",2019,7.074999999999999,Parklands and North
"Parklands and North, Manitoba",2020,6.216666666666666,Parklands and North
"Parklands and North, Manitoba",2021,6.3999999999999995,Parklands and North
"Parklands and North, Manitoba",2022,3.8166666666666664,Parklands and North
"Parklands and North, Manitoba",2023,4.991666666666666,Parklands and North
"Parklands and North, Manitoba",2024,6.333333333333333,Parklands and North
"Parklands and North, Manitoba",2025,6.933333333333334,Parklands and North
"Prince Albert and Northern, Saskatchewan",2015,6.908333333333334,Prince Albert and Northern
"Prince Albert and Northern, Saskatchewan",2016,8.833333333333334,Prince Albert and Northern
"Prince Albert and Northern, Saskatchewan",2017,8.033333333333333,Prince Albert and Northern
"Prince Albert and Northern, Saskatchewan",2018,7.25,Prince Albert and Northern
"Prince Albert and Northern, Saskatchewan",2019,7.116666666666667,Prince Albert and Northern
"Prince Albert and Northern, Saskatchewan",2020,7.891666666666667,Prince Albert and Northern
"Prince Albert and Northern, Saskatchewan",2021,6.05,Prince Albert and Northern
"Prince Albert and Northern, Saskatchewan",2022,5.466666666666666,Prince Albert and Northern
"Prince Albert and Northern, Saskatchewan",2023,4.658333333333333,Prince Albert and Northern
"Prince Albert and Northern, Saskatchewan",2024,5.458333333333333,Prince Albert and Northern
"Prince Albert and Northern, Saskatchewan",2025,5.516666666666667,Prince Albert and Northern
Prince Edward Island,2015,10.85,Prince Edward Island
Prince Edward Island,2016,10.766666666666666,Prince Edward Island
Prince Edward Island,2017,10.108333333333333,Prince Edward Island
Prince Edward Island,2018,10.008333333333333,Prince Edward Island
Prince Edward Island,2019,9.233333333333333,Prince Edward Island
Prince Edward Island,2020,10.366666666666667,Prince Edward Island
Prince Edward Island,2021,10.075000000000001,Prince Edward Island
Prince Edward Island,2022,7.9750000000000005,Prince Edward Island
Prince Edward Island,2023,7.083333333333333,Prince Edward Island
Prince Edward Island,2024,7.858333333333333,Prince Edward Island
Prince Edward Island,2025,8.083333333333334,Prince Edward Island
Quebec,2015,7.708333333333333,Quebec
Quebec,2016,7.358333333333333,Quebec
Quebec,2017,6.2,Quebec
Quebec,2018,5.483333333333333,Quebec
Quebec,2019,5.066666666666666,Quebec
Quebec,2020,8.783333333333333,Quebec
Quebec,2021,6.308333333333334,Quebec
Quebec,2022,4.366666666666666,Quebec
Quebec,2023,4.408333333333333,Quebec
Quebec,2024,5.266666666666667,Quebec
Quebec,2025,5.666666666666667,Quebec
"Red Deer, Alberta",2015,6.2749999999999995,Red Deer
"Red Deer, Alberta",2016,8.924999999999999,Red Deer
"Red Deer, Alberta",2017,7.325,Red Deer
"Red Deer, Alberta",2018,5.816666666666666,Red Deer
"Red Deer, Alberta",2019,6.758333333333333,Red Deer
"Red Deer, Alberta",2020,11.5,Red Deer
"Red Deer, Alberta",2021,9.325000000000001,Red Deer
"Red Deer, Alberta",2022,6.183333333333334,Red Deer
"Red Deer, Alberta",2023,7.05,Red Deer
"Red Deer, Alberta",2024,7.383333333333333,Red Deer
"Red Deer, Alberta",2025,6.4750000000000005,Red Deer
"Regina-Moose Mountain, Saskatchewan",2015,4.166666666666667,Regina-Moose Mountain
"Regina-Moose Mountain, Saskatchewan",2016,5.3500000000000005,Regina-Moose Mountain
"Regina-Moose Mountain, Saskatchewan",2017,5.3500000000000005,Regina-Moose Mountain
"Regina-Moose Mountain, Saskatchewan",2018,5.675,Regina-Moose Mountain
"Regina-Moose Mountain, Saskatchewan",2019,4.983333333333333,Regina-Moose Mountain
"Regina-Moose Mountain, Saskatchewan",2020,8.066666666666666,Regina-Moose Mountain
"Regina-Moose Mountain, Saskatchewan",2021,6.875,Regina-Moose Mountain
"Regina-Moose Mountain, Saskatchewan",2022,4.783333333333333,Regina-Moose Mountain
"Regina-Moose Mountain, Saskatchewan",2023,5.008333333333334,Regina-Moose Mountain
"Regina-Moose Mountain, Saskatchewan",2024,5.8,Regina-Moose Mountain
"Regina-Moose Mountain, Saskatchewan",2025,5.808333333333334,Regina-Moose Mountain
"Saguenay-Lac-Saint-Jean, Quebec",2015,8.866666666666667,Saguenay-Lac-Saint-Jean
"Saguenay-Lac-Saint-Jean, Quebec",2016,8.225,Saguenay-Lac-Saint-Jean
"Saguenay-Lac-Saint-Jean, Quebec",2017,7.3500000000000005,Saguenay-Lac-Saint-Jean
"Saguenay-Lac-Saint-Jean, Quebec",2018,6.125,Saguenay-Lac-Saint-Jean
"Saguenay-Lac-Saint-Jean, Quebec",2019,5.683333333333334,Saguenay-Lac-Saint-Jean
"Saguenay-Lac-Saint-Jean, Quebec",2020,9.625,Saguenay-Lac-Saint-Jean
"Saguenay-Lac-Saint-Jean, Quebec",2021,5.891666666666667,Saguenay-Lac-Saint-Jean
"Saguenay-Lac-Saint-Jean, Quebec",2022,3.966666666666667,Saguenay-Lac-Saint-Jean
"Saguenay-Lac-Saint-Jean, Quebec",2023,3.25,Saguenay-Lac-Saint-Jean
"Saguenay-Lac-Saint-Jean, Quebec",2024,3.233333333333333,Saguenay-Lac-Saint-Jean
"Saguenay-Lac-Saint-Jean, Quebec",2025,4.325,Saguenay-Lac-Saint-Jean
"Saint John-St. Stephen, New Brunswick",2015,8.616666666666667,Saint John-St. Stephen
"Saint John-St. Stephen, New Brunswick",2016,8.35,Saint John-St. Stephen
"Saint John-St. Stephen, New Brunswick",2017,6.658333333333334,Saint John-St. Stephen
"Saint John-St. Stephen, New Brunswick",2018,7.0249999999999995,Saint John-St. Stephen
"Saint John-St. Stephen, New Brunswick",2019,6.891666666666667,Saint John-St. Stephen
"Saint John-St. Stephen, New Brunswick",2020,9.833333333333334,Saint John-St. Stephen
"Saint John-St. Stephen, New Brunswick",2021,9.441666666666666,Saint John-St. Stephen
"Saint John-St. Stephen, New Brunswick",2022,7.25,Saint John-St. Stephen
"Saint John-St. Stephen, New Brunswick",2023,5.741666666666667,Saint John-St. Stephen
"Saint John-St. Stephen, New Brunswick",2024,6.516666666666667,Saint John-St. Stephen
"Saint John-St. Stephen, New Brunswick",2025,7.1000000000000005,Saint John-St. Stephen
Saskatchewan,2015,5.016666666666667,Saskatchewan
Saskatchewan,2016,6.375,Saskatchewan
Saskatchewan,2017,6.425,Saskatchewan
Saskatchewan,2018,6.216666666666666,Saskatchewan
Saskatchewan,2019,5.508333333333333,Saskatchewan
Saskatchewan,2020,8.233333333333333,Saskatchewan
Saskatchewan,2021,6.625,Saskatchewan
Saskatchewan,2022,4.741666666666666,Saskatchewan
Saskatchewan,2023,4.641666666666667,Saskatchewan
Saskatchewan,2024,5.366666666666667,Saskatchewan
Saskatchewan,2025,5.133333333333334,Saskatchewan
"Saskatoon-Biggar, Saskatchewan",2015,5.325,Saskatoon-Biggar
"Saskatoon-Biggar, Saskatchewan",2016,6.558333333333334,Saskatoon-Biggar
"Saskatoon-Biggar, Saskatchewan",2017,7.458333333333333,Saskatoon-Biggar
"Saskatoon-Biggar, Saskatchewan",2018,6.6499999999999995,Saskatoon-Biggar
"Saskatoon-Biggar, Saskatchewan",2019,5.6000000000000005,Saskatoon-Biggar
"Saskatoon-Biggar, Saskatchewan",2020,9.291666666666666,Saskatoon-Biggar
"Saskatoon-Biggar, Saskatchewan",2021,7.041666666666667,Saskatoon-Biggar
"Saskatoon-Biggar, Saskatchewan",2022,4.3500000000000005,Saskatoon-Biggar
"Saskatoon-Biggar, Saskatchewan",2023,4.583333333333333,Saskatoon-Biggar
"Saskatoon-Biggar, Saskatchewan",2024,5.033333333333333,Saskatoon-Biggar
"Saskatoon-Biggar, Saskatchewan",2025,4.825,Saskatoon-Biggar
"South Central and North Central, Manitoba",2015,3.9166666666666665,South Central and North Central
"South Central and North Central, Manitoba",2016,3.9416666666666664,South Central and North Central
"South Central and North Central, Manitoba",2017,3.5500000000000003,South Central and North Central
"South Central and North Central, Manitoba",2018,3.8083333333333336,South Central and North Central
"South Central and North Central, Manitoba",2019,4.566666666666666,South Central and North Central
"South Central and North Central, Manitoba",2020,4.8999999999999995,South Central and North Central
"South Central and North Central, Manitoba",2021,5.883333333333333,South Central and North Central
"South Central and North Central, Manitoba",2022,3.9499999999999997,South Central and North Central
"South Central and North Central, Manitoba",2023,4.008333333333334,South Central and North Central
"South Central and North Central, Manitoba",2024,5.0,South Central and North Central
"South Central and North Central, Manitoba",2025,5.533333333333334,South Central and North Central
"South Coast-Burin Peninsula and Notre Dame-Central-Bonavista Bay, Newfoundland and Labrador",2015,18.25,South Coast-Burin Peninsula and Notre Dame-Central-Bonavista Bay
"South Coast-Burin Peninsula and Notre Dame-Central-Bonavista Bay, Newfoundland and Labrador",2016,18.916666666666668,South Coast-Burin Peninsula and Notre Dame-Central-Bonavista Bay
"South Coast-Burin Peninsula and Notre Dame-Central-Bonavista Bay, Newfoundland and Labrador",2017,22.2,South Coast-Burin Peninsula and Notre Dame-Central-Bonavista Bay
"South Coast-Burin Peninsula and Notre Dame-Central-Bonavista Bay, Newfoundland and Labrador",2018,18.916666666666668,South Coast-Burin Peninsula and Notre Dame-Central-Bonavista Bay
"South Coast-Burin Peninsula and Notre Dame-Central-Bonavista Bay, Newfoundland and Labrador",2019,16.958333333333332,South Coast-Burin Peninsula and Notre Dame-Central-Bonavista Bay
"South Coast-Burin Peninsula and Notre Dame-Central-Bonavista Bay, Newfoundland and Labrador",2020,17.825,South Coast-Burin Peninsula and Notre Dame-Central-Bonavista Bay
"South Coast-Burin Peninsula and Notre Dame-Central-Bonavista Bay, Newfoundland and Labrador",2021,17.283333333333335,South Coast-Burin Peninsula and Notre Dame-Central-Bonavista Bay
"South Coast-Burin Peninsula and Notre Dame-Central-Bonavista Bay, Newfoundland and Labrador",2022,15.716666666666667,South Coast-Burin Peninsula and Notre Dame-Central-Bonavista Bay
"South Coast-Burin Peninsula and Notre Dame-Central-Bonavista Bay, Newfoundland and Labrador",2023,14.008333333333333,South Coast-Burin Peninsula and Notre Dame-Central-Bonavista Bay
"South Coast-Burin Peninsula and Notre Dame-Central-Bonavista Bay, Newfoundland and Labrador",2024,13.950000000000001,South Coast-Burin Peninsula and Notre Dame-Central-Bonavista Bay
"South Coast-Burin Peninsula and Notre Dame-Central-Bonavista Bay, Newfoundland and Labrador",2025,14.616666666666667,South Coast-Burin Peninsula and Notre Dame-Central-Bonavista Bay
"Southeast, Manitoba",2015,5.5249999999999995,Southeast
"Southeast, Manitoba",2016,4.9750000000000005,Southeast
"Southeast, Manitoba",2017,4.208333333333333,Southeast
"Southeast, Manitoba",2018,4.75,Southeast
"Southeast, Manitoba",2019,4.391666666666667,Southeast
"Southeast, Manitoba",2020,6.2,Southeast
"Southeast, Manitoba",2021,5.741666666666667,Southeast
"Southeast, Manitoba",2022,4.5,Southeast
"Southeast, Manitoba",2023,3.9166666666666665,Southeast
"Southeast, Manitoba",2024,4.483333333333333,Southeast
"Southeast, Manitoba",2025,4.241666666666666,Southeast
"Southern, Nova Scotia",2015,10.85,Southern
"Southern, Nova Scotia",2016,11.35,Southern
"Southern, Nova Scotia",2017,9.858333333333333,Southern
"Southern, Nova Scotia",2018,7.0,Southern
"Southern, Nova Scotia",2019,8.575000000000001,Southern
"Southern, Nova Scotia",2020,10.908333333333333,Southern
"Southern, Nova Scotia",2021,9.041666666666666,Southern
"Southern, Nova Scotia",2022,8.65,Southern
"Southern, Nova Scotia",2023,6.941666666666666,Southern
"Southern, Nova Scotia",2024,8.891666666666667,Southern
"Southern, Nova Scotia",2025,7.058333333333334,Southern
"Southwest, Manitoba",2015,4.083333333333333,Southwest
"Southwest, Manitoba",2016,5.483333333333333,Southwest
"Southwest, Manitoba",2017,5.208333333333333,Southwest
"Southwest, Manitoba",2018,4.258333333333334,Southwest
"Southwest, Manitoba",2019,5.075,Southwest
"Southwest, Manitoba",2020,6.766666666666667,Southwest
"Southwest, Manitoba",2021,5.141666666666667,Southwest
"Southwest, Manitoba",2022,4.208333333333333,Southwest
"Southwest, Manitoba",2023,5.016666666666667,Southwest
"Southwest, Manitoba",2024,4.8999999999999995,Southwest
"Southwest, Manitoba",2025,5.166666666666667,Southwest
"Stratford-Bruce Peninsula, Ontario",2015,5.741666666666667,Stratford-Bruce Peninsula
"Stratford-Bruce Peninsula, Ontario",2016,5.075,Stratford-Bruce Peninsula
"Stratford-Bruce Peninsula, Ontario",2017,4.6000000000000005,Stratford-Bruce Peninsula
"Stratford-Bruce Peninsula, Ontario",2018,3.9166666666666665,Stratford-Bruce Peninsula
"Stratford-Bruce Peninsula, Ontario",2019,4.133333333333334,Stratford-Bruce Peninsula
"Stratford-Bruce Peninsula, Ontario",2020,6.966666666666666,Stratford-Bruce Peninsula
"Stratford-Bruce Peninsula, Ontario",2021,4.7250000000000005,Stratford-Bruce Peninsula
"Stratford-Bruce Peninsula, Ontario",2022,3.766666666666667,Stratford-Bruce Peninsula
"Stratford-Bruce Peninsula, Ontario",2023,4.675,Stratford-Bruce Peninsula
"Stratford-Bruce Peninsula, Ontario",2024,3.6999999999999997,Stratford-Bruce Peninsula
"Stratford-Bruce Peninsula, Ontario",2025,4.633333333333334,Stratford-Bruce Peninsula
"Swift Current-Moose Jaw, Saskatchewan",2015,3.6666666666666665,Swift Current-Moose Jaw
"Swift Current-Moose Jaw, Saskatchewan",2016,3.9,Swift Current-Moose Jaw
"Swift Current-Moose Jaw, Saskatchewan",2017,3.841666666666667,Swift Current-Moose Jaw
"Swift Current-Moose Jaw, Saskatchewan",2018,4.183333333333333,Swift Current-Moose Jaw
"Swift Current-Moose Jaw, Saskatchewan",2019,4.891666666666667,Swift Current-Moose Jaw
"Swift Current-Moose Jaw, Saskatchewan",2020,6.766666666666667,Swift Current-Moose Jaw
"Swift Current-Moose Jaw, Saskatchewan",2021,6.691666666666666,Swift Current-Moose Jaw
"Swift Current-Moose Jaw, Saskatchewan",2022,5.375,Swift Current-Moose Jaw
"Swift Current-Moose Jaw, Saskatchewan",2023,3.966666666666667,Swift Current-Moose Jaw
"Swift Current-Moose Jaw, Saskatchewan",2024,5.375,Swift Current-Moose Jaw
"Swift Current-Moose Jaw, Saskatchewan",2025,4.325,Swift Current-Moose Jaw
"Thompson-Okanagan, British Columbia",2015,6.4750000000000005,Thompson-Okanagan
"Thompson-Okanagan, British Columbia",2016,7.633333333333333,Thompson-Okanagan
"Thompson-Okanagan, British Columbia",2017,7.658333333333334,Thompson-Okanagan
"Thompson-Okanagan, British Columbia",2018,6.558333333333334,Thompson-Okanagan
"Thompson-Okanagan, British Columbia",2019,5.141666666666667,Thompson-Okanagan
"Thompson-Okanagan, British Columbia",2020,8.491666666666667,Thompson-Okanagan
"Thompson-Okanagan, British Columbia",2021,6.616666666666666,Thompson-Okanagan
"Thompson-Okanagan, British Columbia",2022,5.466666666666666,Thompson-Okanagan
"Thompson-Okanagan, British Columbia",2023,4.183333333333334,Thompson-Okanagan
"Thompson-Okanagan, British Columbia",2024,5.316666666666666,Thompson-Okanagan
"Thompson-Okanagan, British Columbia",2025,6.283333333333334,Thompson-Okanagan
"Toronto, Ontario",2015,7.25,Toronto
"Toronto, Ontario",2016,6.958333333333333,Toronto
"Toronto, Ontario",2017,6.575,Toronto
"Toronto, Ontario",2018,6.091666666666666,Toronto
"Toronto, Ontario",2019,5.891666666666667,Toronto
"Toronto, Ontario",2020,10.525,Toronto
"Toronto, Ontario",2021,9.475,Toronto
"Toronto, Ontario",2022,6.408333333333334,Toronto
"Toronto, Ontario",2023,6.091666666666666,Toronto
"Toronto, Ontario",2024,7.733333333333333,Toronto
"Toronto, Ontario",2025,8.741666666666667,Toronto
"Vancouver Island and Coast, British Columbia",2015,6.075,Vancouver Island and Coast
"Vancouver Island and Coast, British Columbia",2016,5.8999999999999995,Vancouver Island and Coast
"Vancouver Island and Coast, British Columbia",2017,5.116666666666666,Vancouver Island and Coast
"Vancouver Island and Coast, British Columbia",2018,4.875,Vancouver Island and Coast
"Vancouver Island and Coast, British Columbia",2019,4.283333333333333,Vancouver Island and Coast
"Vancouver Island and Coast, British Columbia",2020,8.75,Vancouver Island and Coast
"Vancouver Island and Coast, British Columbia",2021,6.0249999999999995,Vancouver Island and Coast
"Vancouver Island and Coast, British Columbia",2022,4.258333333333334,Vancouver Island and Coast
"Vancouver Island and Coast, British Columbia",2023,4.058333333333334,Vancouver Island and Coast
"Vancouver Island and Coast, British Columbia",2024,4.325,Vancouver Island and Coast
"Vancouver Island and Coast, British Columbia",2025,5.075,Vancouver Island and Coast
"West Coast-Northern Peninsula-Labrador, Newfoundland and Labrador",2015,18.033333333333335,West Coast-Northern Peninsula-Labrador
"West Coast-Northern Peninsula-Labrador, Newfoundland and Labrador",2016,16.233333333333334,West Coast-Northern Peninsula-Labrador
"West Coast-Northern Peninsula-Labrador, Newfoundland and Labrador",2017,17.541666666666668,West Coast-Northern Peninsula-Labrador
"West Coast-Northern Peninsula-Labrador, Newfoundland and Labrador",2018,16.366666666666667,West Coast-Northern Peninsula-Labrador
"West Coast-Northern Peninsula-Labrador, Newfoundland and Labrador",2019,14.033333333333333,West Coast-Northern Peninsula-Labrador
"West Coast-Northern Peninsula-Labrador, Newfoundland and Labrador",2020,16.2,West Coast-Northern Peninsula-Labrador
"West Coast-Northern Peninsula-Labrador, Newfoundland and Labrador",2021,15.691666666666668,West Coast-Northern Peninsula-Labrador
"West Coast-Northern Peninsula-Labrador, Newfoundland and Labrador",2022,15.016666666666666,West Coast-Northern Peninsula-Labrador
"West Coast-Northern Peninsula-Labrador, Newfoundland and Labrador",2023,12.758333333333333,West Coast-Northern Peninsula-Labrador
"West Coast-Northern Peninsula-Labrador, Newfoundland and Labrador",2024,11.366666666666667,West Coast-Northern Peninsula-Labrador
"West Coast-Northern Peninsula-Labrador, Newfoundland and Labrador",2025,10.174999999999999,West Coast-Northern Peninsula-Labrador
"Windsor-Sarnia, Ontario",2015,8.508333333333333,Windsor-Sarnia
"Windsor-Sarnia, Ontario",2016,6.691666666666666,Windsor-Sarnia
"Windsor-Sarnia, Ontario",2017,6.3,Windsor-Sarnia
"Windsor-Sarnia, Ontario",2018,5.6000000000000005,Windsor-Sarnia
"Windsor-Sarnia, Ontario",2019,6.016666666666667,Windsor-Sarnia
"Windsor-Sarnia, Ontario",2020,11.391666666666666,Windsor-Sarnia
"Windsor-Sarnia, Ontario",2021,8.958333333333334,Windsor-Sarnia
"Windsor-Sarnia, Ontario",2022,6.558333333333334,Windsor-Sarnia
"Windsor-Sarnia, Ontario",2023,6.233333333333333,Windsor-Sarnia
"Windsor-Sarnia, Ontario",2024,7.583333333333333,Windsor-Sarnia
"Windsor-Sarnia, Ontario",2025,9.016666666666667,Windsor-Sarnia
"Winnipeg, Manitoba",2015,6.233333333333333,Winnipeg
"Winnipeg, Manitoba",2016,6.666666666666667,Winnipeg
"Winnipeg, Manitoba",2017,5.983333333333333,Winnipeg
"Winnipeg, Manitoba",2018,6.608333333333333,Winnipeg
"Winnipeg, Manitoba",2019,5.6000000000000005,Winnipeg
"Winnipeg, Manitoba",2020,8.958333333333334,Winnipeg
"Winnipeg, Manitoba",2021,7.2749999999999995,Winnipeg
"Winnipeg, Manitoba",2022,4.766666666666667,Winnipeg
"Winnipeg, Manitoba",2023,5.133333333333334,Winnipeg
"Winnipeg, Manitoba",2024,5.55,Winnipeg
"Winnipeg, Manitoba",2025,6.25,Winnipeg
"Wood Buffalo-Cold Lake, Alberta 6",2015,7.866666666666667,Wood Buffalo-Cold Lake
"Wood Buffalo-Cold Lake, Alberta 6",2016,9.558333333333334,Wood Buffalo-Cold Lake
"Wood Buffalo-Cold Lake, Alberta 6",2017,8.066666666666666,Wood Buffalo-Cold Lake
"Wood Buffalo-Cold Lake, Alberta 6",2018,6.091666666666666,Wood Buffalo-Cold Lake
"Wood Buffalo-Cold Lake, Alberta 6",2019,5.591666666666666,Wood Buffalo-Cold Lake
"Wood Buffalo-Cold Lake, Alberta 6",2020,9.008333333333335,Wood Buffalo-Cold Lake
"Wood Buffalo-Cold Lake, Alberta 6",2021,7.3,Wood Buffalo-Cold Lake
"Wood Buffalo-Cold Lake, Alberta 6",2022,5.958333333333333,Wood Buffalo-Cold Lake
"Wood Buffalo-Cold Lake, Alberta 6",2023,4.925,Wood Buffalo-Cold Lake
"Wood Buffalo-Cold Lake, Alberta 6",2024,5.808333333333334,Wood Buffalo-Cold Lake
"Wood Buffalo-Cold Lake, Alberta 6",2025,6.391666666666667,Wood Buffalo-Cold Lake
"Yorkton-Melville, Saskatchewan",2015,4.358333333333333,Yorkton-Melville
"Yorkton-Melville, Saskatchewan",2016,6.925,Yorkton-Melville
"Yorkton-Melville, Saskatchewan",2017,5.4750000000000005,Yorkton-Melville
"Yorkton-Melville, Saskatchewan",2018,6.416666666666667,Yorkton-Melville
"Yorkton-Melville, Saskatchewan",2019,4.241666666666666,Yorkton-Melville
"Yorkton-Melville, Saskatchewan",2020,6.5249999999999995,Yorkton-Melville
"Yorkton-Melville, Saskatchewan",2021,4.783333333333333,Yorkton-Melville
"Yorkton-Melville, Saskatchewan",2022,3.891666666666667,Yorkton-Melville
"Yorkton-Melville, Saskatchewan",2023,4.508333333333334,Yorkton-Melville
"Yorkton-Melville, Saskatchewan",2024,5.133333333333334,Yorkton-Melville
"Yorkton-Melville, Saskatchewan",2025,3.641666666666667,Yorkton-Melville
